{"success":true,"terms":"https:\/\/currencylayer.com\/terms","privacy":"https:\/\/currencylayer.com\/privacy","timestamp":1575821345,"source":"USD","quotes":{"USDAED":3.673042,"USDAFN":78.750404,"USDALL":110.950403,"USDAMD":478.030403,"USDANG":1.715022,"USDAOA":478.391041,"USDARS":59.896191,"USDAUD":1.461262,"USDAWG":1.8,"USDAZN":1.70397,"USDBAM":1.763097,"USDBBD":2.019174,"USDBDT":84.80152,"USDBGN":1.766068,"USDBHD":0.377108,"USDBIF":1873.5,"USDBMD":1,"USDBND":1.359848,"USDBOB":6.915168,"USDBRL":4.141404,"USDBSD":0.999987,"USDBTC":0.000134,"USDBTN":71.225304,"USDBWP":10.822895,"USDBYN":2.116171,"USDBYR":19600,"USDBZD":2.015748,"USDCAD":1.325475,"USDCDF":1678.000362,"USDCHF":0.990415,"USDCLF":0.028185,"USDCLP":777.703912,"USDCNY":7.035304,"USDCOP":3424.5,"USDCRC":566.01596,"USDCUC":1,"USDCUP":26.5,"USDCVE":100.150394,"USDCZK":23.079804,"USDDJF":177.720394,"USDDKK":6.755704,"USDDOP":53.13504,"USDDZD":119.770393,"USDEGP":16.142873,"USDERN":15.000358,"USDETB":31.350392,"USDEUR":0.904261,"USDFJD":2.17425,"USDFKP":0.81288,"USDGBP":0.761035,"USDGEL":2.940391,"USDGGP":0.761136,"USDGHS":5.67039,"USDGIP":0.81288,"USDGMD":51.42039,"USDGNF":9430.000355,"USDGTQ":7.680145,"USDGYD":209.219204,"USDHKD":7.830055,"USDHNL":24.89504,"USDHRK":6.725304,"USDHTG":97.15725,"USDHUF":299.36404,"USDIDR":14023.895,"USDILS":3.47165,"USDIMP":0.761136,"USDINR":71.29704,"USDIQD":1190,"USDIRR":42105.000352,"USDISK":121.540386,"USDJEP":0.761136,"USDJMD":140.55936,"USDJOD":0.70904,"USDJPY":108.58104,"USDKES":101.710385,"USDKGS":69.84904,"USDKHR":4070.000351,"USDKMF":445.950384,"USDKPW":899.511551,"USDKRW":1186.210384,"USDKWD":0.30359,"USDKYD":0.833397,"USDKZT":385.93186,"USDLAK":8870.000349,"USDLBP":1511.875104,"USDLKR":181.20326,"USDLRD":189.625039,"USDLSL":14.650382,"USDLTL":2.95274,"USDLVL":0.60489,"USDLYD":1.403765,"USDMAD":9.647504,"USDMDL":17.394248,"USDMGA":3625.000347,"USDMKD":55.524266,"USDMMK":1502.277039,"USDMNT":2725.199951,"USDMOP":8.063805,"USDMRO":356.999516,"USDMUR":36.502554,"USDMVR":15.450378,"USDMWK":720.000345,"USDMXN":19.294704,"USDMYR":4.159504,"USDMZN":63.965039,"USDNAD":14.650377,"USDNGN":362.503727,"USDNIO":33.910377,"USDNOK":9.136375,"USDNPR":113.96041,"USDNZD":1.525845,"USDOMR":0.385054,"USDPAB":1.000077,"USDPEN":3.379504,"USDPGK":3.390375,"USDPHP":50.785504,"USDPKR":154.803704,"USDPLN":3.86645,"USDPYG":6441.723038,"USDQAR":3.64075,"USDRON":4.321104,"USDRSD":106.303692,"USDRUB":63.672704,"USDRWF":920,"USDSAR":3.74975,"USDSBD":8.235474,"USDSCR":13.702247,"USDSDG":45.111983,"USDSEK":9.49505,"USDSGD":1.360125,"USDSHP":1.320904,"USDSLL":9750.000339,"USDSOS":581.000338,"USDSRD":7.458038,"USDSTD":21560.79,"USDSVC":8.750445,"USDSYP":515.000338,"USDSZL":14.65037,"USDTHB":30.356053,"USDTJS":9.680208,"USDTMT":3.5,"USDTND":2.854504,"USDTOP":2.30585,"USDTRY":5.776604,"USDTTD":6.756782,"USDTWD":30.437038,"USDTZS":2297.603635,"USDUAH":23.716888,"USDUGX":3685.066904,"USDUSD":1,"USDUYU":37.826045,"USDUZS":9515.000335,"USDVEF":9.987504,"USDVND":23172.5,"USDVUV":115.93,"USDWST":2.6976,"USDXAF":591.31716,"USDXAG":0.060343,"USDXAU":0.000685,"USDXCD":2.70255,"USDXDR":0.725331,"USDXOF":591.000332,"USDXPF":108.375037,"USDYER":250.350364,"USDZAR":14.622105,"USDZMK":9001.203593,"USDZMW":15.225251,"USDZWL":322.000001}}